1,El #RealMadrid se suma al interÃ©s del #FCBarcelona por el fichaje de #Wijnaldum https://t.co/VezRRbVpZy https://t.co/5kPZOnCZPL
2,ğŸ”™19.11.2005: El #FCBarcelona goleaba 0-3 al #RealMadrid en el ğŸŸSantiago BernabÃ©u. El resultado no fue lo importante, porque se viÃ³ opacado por la BRILLANTE actuaciÃ³n de Ronaldinho, con un juego espectacular y 2 GOLAZOS. Ese dÃ­a, hace 15 aÃ±os, â€˜Dinhoâ€™ saliÃ³ ovacionado del campo. https://t.co/YwPxGwyi3g
3,ğŸ”· ENTÃ‰RATE ğŸ”·

â¡ï¸ AdemÃ¡s del interÃ©s del ğŸ”µğŸ”´ #FCBarcelona, âšªï¸ #RealMadrid se suma para conseguir el fichaje del defensor #EricGarcÃ­a https://t.co/nmUlpRQWsa â¬…ï¸ https://t.co/1SM5vKxwkC
4,ğŸ”· ENTÃ‰RATE ğŸ”·

â¡ï¸ AdemÃ¡s del interÃ©s del ğŸ”µğŸ”´ #FCBarcelona, âšªï¸ #RealMadrid se suma para conseguir el fichaje del defensor #EricGarcÃ­a https://t.co/nmUlpRQWsa â¬…ï¸ https://t.co/iZIOI52R1z
5,Los grandes de EspaÃ±a van por el joven central. AdemÃ¡s del interÃ©s del #FCBarcelona, #RealMadrid se suma para conseguir el fichaje del defensor #EricGarcÃ­a https://t.co/nmUlpS8xjI https://t.co/UBGo15FIEh
6,RT @Aficion_Central: LaLiga reduce los lÃ­mites salariales de #RealMadrid y #FCBarcelona ğŸ’° https://t.co/ULrHI8J51g
7,Adama TraorÃ© rechaza renovar con los Wolves y se pone a tiro de #FCBarcelona y #RealMadrid
 https://t.co/FtBDbIwF59
8,LaLiga reduce los lÃ­mites salariales de #RealMadrid y #FCBarcelona ğŸ’° https://t.co/ULrHI8J51g
9,ğŸ’° LaLiga reduce los lÃ­mites salariales de #RealMadrid y #FCBarcelona https://t.co/ULrHI90GpQ
10,Pedri: Â«Doy las gracias al #RealMadrid por no ficharme. Estoy donde querÃ­aÂ»
https://t.co/Z8P2nbp7k8 #FCBarcelona https://t.co/9SqXOzSXSE
11,LaLiga reduce los lÃ­mites salariales de #RealMadrid y #FCBarcelona ğŸ’° https://t.co/ULrHI8J51g
12,RT @TMes_news: Estos son los lÃ­mites de coste de plantilla de los equipos de #LaLiga para esta temporada y la diferencia con los de la campâ€¦
13,ğŸ”» ENTÃ‰RATE ğŸ”»

â¡ï¸ #Pedri joven figura del ğŸ”µğŸ”´ #FCBarcelona revelÃ³ que fue rechazado por el #RealMadrid pero gracias a eso cumpliÃ³ su sueÃ±o (ENTREVISTA) ğŸ—£ğŸ™ https://t.co/GcDpYXZVlm â¬…ï¸ https://t.co/KDx3KZYyyp
14,RT @okapuestas: Â¡SORTEO DEL DÃA! Regalamos 4 #premios de 25â‚¬ para jugar en #Codere EspaÃ±a a los que hagÃ¡is RT (nuevos usuarios +18) #okapueâ€¦
15,Â¿Guardando rencor?

En entrevista para la Cadena SER, Pedri contÃ³ que estuvo a prueba en el Real Madrid una semana y le dijeron que no tenÃ­a el nivel. Asegura que fue lo mejor porque "es del BarÃ§a desde pequeÃ±o" ğŸ¤”âš½ï¸ğŸ”µğŸ”´ #Pedri #FCBarcelona #LaLiga #RealMadrid #futbol https://t.co/PZA8mMmCjp
16,RT @TMes_news: Estos son los lÃ­mites de coste de plantilla de los equipos de #LaLiga para esta temporada y la diferencia con los de la campâ€¦
17,RT @TMes_news: Estos son los lÃ­mites de coste de plantilla de los equipos de #LaLiga para esta temporada y la diferencia con los de la campâ€¦
18,RT @TMes_news: Estos son los lÃ­mites de coste de plantilla de los equipos de #LaLiga para esta temporada y la diferencia con los de la campâ€¦
19,Estos son los lÃ­mites de coste de plantilla de los equipos de #LaLiga para esta temporada y la diferencia con los de la campaÃ±a anterior. El #RealMadrid es ahora el club con el mayor techo salarial y el del #FCBarcelona se reduce en mÃ¡s de 270 Mâ‚¬.

ğŸ‘‰ https://t.co/sWkWG8AXdp https://t.co/9qy275pGcW
20,ğŸ’° LaLiga reduce los lÃ­mites salariales de #RealMadrid y #FCBarcelona https://t.co/ULrHI90GpQ
21,El #fcbarcelona ha perdido mas que el #RealMadrid en produccion de  grandes jugadores, gracias a una mala directiva.ğŸ‘€
22,RT @TMes_news: Estos son los lÃ­mites de coste de plantilla de los equipos de #LaLiga para esta temporada y la diferencia con los de la campâ€¦
23,RT @TMes_news: Estos son los lÃ­mites de coste de plantilla de los equipos de #LaLiga para esta temporada y la diferencia con los de la campâ€¦
24,Estos son los lÃ­mites de coste de plantilla de los equipos de #LaLiga para esta temporada y la diferencia con los de la campaÃ±a anterior. El #RealMadrid es ahora el club con el mayor techo salarial y el del #FCBarcelona se reduce en mÃ¡s de 270 Mâ‚¬.

ğŸ‘‰ https://t.co/sWkWG8Sy4X https://t.co/xILwA3X3ZK
25,RT @besoccer_ES: ğŸ¤‘ El @realmadrid y el @FCBarcelona_es tienen sus lÃ­mites salariales muy por encima del resto de clubes de Primera DivisiÃ³nâ€¦
26,ğŸ¤‘ El @realmadrid y el @FCBarcelona_es tienen sus lÃ­mites salariales muy por encima del resto de clubes de Primera DivisiÃ³n

Los blancos pueden gastar mÃ¡s: 469.529.000 â‚¬ frente a los 382.717.000 de los 'culÃ©s'  

#BeSoccer #RealMadrid #FCBarcelona 

ğŸ‘‡
https://t.co/8tBmbXX13D https://t.co/wzMerlVv5m
27,RT @LaJugadaF: Javier Tebas: Â«Tanto el #FCBarcelona como el #RealMadrid se tiene que preparar parar vivir un aÃ±o de transiciÃ³nÂ» https://t.câ€¦
28,RT @LaJugadaF: Javier Tebas: Â«Tanto el #FCBarcelona como el #RealMadrid se tiene que preparar parar vivir un aÃ±o de transiciÃ³nÂ» https://t.câ€¦
29,SitÃºan al #RealMadrid en la carrera por llevarse a un objetivo del #FCBarcelona
 https://t.co/PWGt0eXo3O
30,Javier Tebas: Â«Tanto el #FCBarcelona como el #RealMadrid se tiene que preparar parar vivir un aÃ±o de transiciÃ³nÂ» https://t.co/6CrhDXCIQq https://t.co/E2cf2xtju1
31,ğŸ”» ENTÃ‰RATE ğŸ”»

â¡ï¸ #Pedri joven figura del ğŸ”µğŸ”´ #FCBarcelona revelÃ³ que fue rechazado por el #RealMadrid pero gracias a eso cumpliÃ³ su sueÃ±o (ENTREVISTA) ğŸ—£ğŸ™ https://t.co/GcDpYXIktO â¬…ï¸ https://t.co/iL5GFttytb
32,#LaLiga reduce un 43% el lÃ­mite de plantilla del #FCBarcelona y un 27% el del #RealMadrid https://t.co/jaj7z6AIDF
33,RT @IF_FCBarcelona: âŒâšªğŸ—£ï¸ Pedri: "El Madrid me rechazÃ³ porque no tenÃ­a nivel" #FCBarcelona #RealMadrid #LaLiga

ğŸ–‹ï¸ Por @alexferj_

https://tâ€¦
34,âŒâšªğŸ—£ï¸ Pedri: "El Madrid me rechazÃ³ porque no tenÃ­a nivel" #FCBarcelona #RealMadrid #LaLiga

ğŸ–‹ï¸ Por @alexferj_

https://t.co/PR3VqrkUsD
35,RT @defcentral: El Madrid rechazÃ³ a Pedri: "Estuve probando una semana, me dijeron que no tenÃ­a el nivel"

https://t.co/gQSOrjLInO

#RealMaâ€¦
36,El Madrid rechazÃ³ a Pedri: "Estuve probando una semana, me dijeron que no tenÃ­a el nivel"

https://t.co/gQSOrjLInO

#RealMadrid #FCBarcelona #Fichajes https://t.co/DKjiMt5jKn
37,RT @don_Diario: El deseado Eric GarcÃ­a ya tiene precio: el Madrid y el BarÃ§a, muy atentos

https://t.co/oEiOzKvvMf

#RealMadrid #FCBarcelonâ€¦
38,El deseado Eric GarcÃ­a ya tiene precio: el Madrid y el BarÃ§a, muy atentos

https://t.co/oEiOzKvvMf

#RealMadrid #FCBarcelona #ManCity https://t.co/GfSSJBZLzp
39,El Real Madrid quiere arrebatarle al Barcelona el fichaje del central del futuro

https://t.co/nIx1qSSrzP

#RealMadrid #FCBarcelona #fichajes https://t.co/zK9DXkTnPN
40,ğŸ”µâšª Â¡EL CITY POR HAALAND Y/O LAUTARO! ğŸš¨
SegÃºn Diario Sport, el #ManchesterCity se prepara para competir con el #FCBarcelona y el #RealMadrid por el fichaje de Earling Haaland ğŸ‡³ğŸ‡´ y/o Lautaro MartÃ­nez ğŸ‡¦ğŸ‡·.

Â¿CuÃ¡l serÃ¡ el futuro de estos cracks?ğŸ¤”
#LaClaveDelJuego https://t.co/DubFSVJYAD
41,Nuevo Deporte, FootBall Quartetâš½ï¸
#FootballShow #football #futbol #FutbolFemenino #footballindex #Messi #Ronaldo #FCBarcelona #spain #FootballQuartet #footballamericano #soccer #futbol #messi #ronaldo #neymar #realmadrid #suarez #barcelona #barca #halamadrid #manchesterunited BCN https://t.co/UcpRYnJOFb
42,RT @don_Diario: El deseado Eric GarcÃ­a ya tiene precio: el Madrid y el BarÃ§a, muy atentos

https://t.co/oEiOzKvvMf

#RealMadrid #FCBarcelonâ€¦
43,RT @defcentral: El Real Madrid quiere arrebatarle al Barcelona el fichaje del central del futuro

https://t.co/nIx1qSAQbf

#RealMadrid #FCBâ€¦
44,RT @defcentral: El Real Madrid quiere arrebatarle al Barcelona el fichaje del central del futuro

https://t.co/nIx1qSAQbf

#RealMadrid #FCBâ€¦
45,El Real Madrid quiere arrebatarle al Barcelona el fichaje del central del futuro

https://t.co/nIx1qSAQbf

#RealMadrid #FCBarcelona #fichajes https://t.co/i8XFQkfmns
46,ğŸ† Resto de emparejamientos de equipos de Primera en la primera ronda de la #CopaDelRey. Recordemos que #RealMadrid, #FCBarcelona, #Athletic y #RealSociedad no entran hasta 16avos de final. https://t.co/jS8UTvDBgx
47,RT @don_Diario: El deseado Eric GarcÃ­a ya tiene precio: el Madrid y el BarÃ§a, muy atentos

https://t.co/oEiOzKvvMf

#RealMadrid #FCBarcelonâ€¦
48,El deseado Eric GarcÃ­a ya tiene precio: el Madrid y el BarÃ§a, muy atentos

https://t.co/oEiOzKvvMf

#RealMadrid #FCBarcelona #ManCity https://t.co/uVZ0gABbkT
49,RT @okapuestas: Â¡SORTEO DEL DÃA! Regalamos 4 #premios de 25â‚¬ para jugar en #Codere EspaÃ±a a los que hagÃ¡is RT (nuevos usuarios +18) #okapueâ€¦
50,RT @don_Diario: El Real Madrid pelearÃ¡ el fichaje mÃ¡s deseado por el BarÃ§a

https://t.co/5TVn91wWM5

#RealMadrid #FCBarcelona #fichajes httâ€¦
